metadata:
  NFL 2025-26:
    title: NFL 2025-26
    sort_title: NFL 2025-26
    url_poster: https://raw.githubusercontent.com/s0len/meta-manager-config/main/posters/nfl-2025-26/poster.jpg
    url_background: https://raw.githubusercontent.com/s0len/meta-manager-config/main/posters/nfl-2025-26/background.jpg
    summary: >
      The 2025-26 National Football League regular season covers 18 weeks of action across the United
      States and international venues, with every contest captured here for Sports Organizer. Episodes are
      grouped by NFL week and include broadcast dates with venue context so recorded files can be matched
      and renamed reliably.
    seasons:
      1:
        title: Week 1
        sort_title: 01_Week 1
        summary: >
          Week 1 covers September 5-9, 2025 with 16 scheduled games across the league.
        episodes:
          1:
            title: Dallas Cowboys vs Philadelphia Eagles
            originally_available: 2025-09-05
            summary: >
              Week 1 matchup at Lincoln Financial Field (Philadelphia, PA). Scheduled date: September 5, 2025.
          2:
            title: Kansas City Chiefs vs Los Angeles Chargers
            originally_available: 2025-09-06
            summary: >
              Week 1 matchup at Corinthians Arena (Sao Paulo, Brazil). Scheduled date: September 6, 2025.
          3:
            title: Tampa Bay Buccaneers vs Atlanta Falcons
            originally_available: 2025-09-07
            summary: >
              Week 1 matchup at Mercedes-Benz Stadium (Atlanta, GA). Scheduled date: September 7, 2025.
          4:
            title: Cincinnati Bengals vs Cleveland Browns
            originally_available: 2025-09-07
            summary: >
              Week 1 matchup at Huntington Bank Field (Cleveland, OH). Scheduled date: September 7, 2025.
          5:
            title: Miami Dolphins vs Indianapolis Colts
            originally_available: 2025-09-07
            summary: >
              Week 1 matchup at Lucas Oil Stadium (Indianapolis, IN). Scheduled date: September 7, 2025.
          6:
            title: Las Vegas Raiders vs New England Patriots
            originally_available: 2025-09-07
            summary: >
              Week 1 matchup at Gillette Stadium (Foxborough, MA). Scheduled date: September 7, 2025.
          7:
            title: Arizona Cardinals vs New Orleans Saints
            originally_available: 2025-09-07
            summary: >
              Week 1 matchup at Caesars Superdome (New Orleans, LA). Scheduled date: September 7, 2025.
          8:
            title: Pittsburgh Steelers vs New York Jets
            originally_available: 2025-09-07
            summary: >
              Week 1 matchup at MetLife Stadium (East Rutherford, NJ). Scheduled date: September 7, 2025.
          9:
            title: New York Giants vs Washington Commanders
            originally_available: 2025-09-07
            summary: >
              Week 1 matchup at Northwest Stadium (Landover, MD). Scheduled date: September 7, 2025.
          10:
            title: Carolina Panthers vs Jacksonville Jaguars
            originally_available: 2025-09-07
            summary: >
              Week 1 matchup at EverBank Stadium (Jacksonville, FL). Scheduled date: September 7, 2025.
          11:
            title: Tennessee Titans vs Denver Broncos
            originally_available: 2025-09-07
            summary: >
              Week 1 matchup at Empower Field at Mile High (Denver, CO). Scheduled date: September 7, 2025.
          12:
            title: San Francisco 49ers vs Seattle Seahawks
            originally_available: 2025-09-07
            summary: >
              Week 1 matchup at Lumen Field (Seattle, WA). Scheduled date: September 7, 2025.
          13:
            title: Detroit Lions vs Green Bay Packers
            originally_available: 2025-09-07
            summary: >
              Week 1 matchup at Lambeau Field (Green Bay, WI). Scheduled date: September 7, 2025.
          14:
            title: Houston Texans vs Los Angeles Rams
            originally_available: 2025-09-07
            summary: >
              Week 1 matchup at SoFi Stadium (Inglewood, CA). Scheduled date: September 7, 2025.
          15:
            title: Baltimore Ravens vs Buffalo Bills
            originally_available: 2025-09-08
            summary: >
              Week 1 matchup at Highmark Stadium (Orchard Park, NY). Scheduled date: September 8, 2025.
          16:
            title: Minnesota Vikings vs Chicago Bears
            originally_available: 2025-09-09
            summary: >
              Week 1 matchup at Soldier Field (Chicago, IL). Scheduled date: September 9, 2025.
      2:
        title: Week 2
        sort_title: 02_Week 2
        summary: >
          Week 2 covers September 12-16, 2025 with 16 scheduled games across the league.
        episodes:
          1:
            title: Washington Commanders vs Green Bay Packers
            originally_available: 2025-09-12
            summary: >
              Week 2 matchup at Lambeau Field (Green Bay, WI). Scheduled date: September 12, 2025.
          2:
            title: Jacksonville Jaguars vs Cincinnati Bengals
            originally_available: 2025-09-14
            summary: >
              Week 2 matchup at Paycor Stadium (Cincinnati, OH). Scheduled date: September 14, 2025.
          3:
            title: New York Giants vs Dallas Cowboys
            originally_available: 2025-09-14
            summary: >
              Week 2 matchup at AT&T Stadium (Arlington, TX). Scheduled date: September 14, 2025.
          4:
            title: Chicago Bears vs Detroit Lions
            originally_available: 2025-09-14
            summary: >
              Week 2 matchup at Ford Field (Detroit, MI). Scheduled date: September 14, 2025.
          5:
            title: Los Angeles Rams vs Tennessee Titans
            originally_available: 2025-09-14
            summary: >
              Week 2 matchup at Nissan Stadium (Nashville, TN). Scheduled date: September 14, 2025.
          6:
            title: New England Patriots vs Miami Dolphins
            originally_available: 2025-09-14
            summary: >
              Week 2 matchup at Hard Rock Stadium (Miami Gardens, FL). Scheduled date: September 14, 2025.
          7:
            title: San Francisco 49ers vs New Orleans Saints
            originally_available: 2025-09-14
            summary: >
              Week 2 matchup at Caesars Superdome (New Orleans, LA). Scheduled date: September 14, 2025.
          8:
            title: Buffalo Bills vs New York Jets
            originally_available: 2025-09-14
            summary: >
              Week 2 matchup at MetLife Stadium (East Rutherford, NJ). Scheduled date: September 14, 2025.
          9:
            title: Seattle Seahawks vs Pittsburgh Steelers
            originally_available: 2025-09-14
            summary: >
              Week 2 matchup at Acrisure Stadium (Pittsburgh, PA). Scheduled date: September 14, 2025.
          10:
            title: Cleveland Browns vs Baltimore Ravens
            originally_available: 2025-09-14
            summary: >
              Week 2 matchup at M&T Bank Stadium (Baltimore, MD). Scheduled date: September 14, 2025.
          11:
            title: Denver Broncos vs Indianapolis Colts
            originally_available: 2025-09-14
            summary: >
              Week 2 matchup at Lucas Oil Stadium (Indianapolis, IN). Scheduled date: September 14, 2025.
          12:
            title: Carolina Panthers vs Arizona Cardinals
            originally_available: 2025-09-14
            summary: >
              Week 2 matchup at State Farm Stadium (Glendale, AZ). Scheduled date: September 14, 2025.
          13:
            title: Philadelphia Eagles vs Kansas City Chiefs
            originally_available: 2025-09-14
            summary: >
              Week 2 matchup at GEHA Field at Arrowhead Stadium (Kansas City, MO). Scheduled date: September 14,
              2025.
          14:
            title: Atlanta Falcons vs Minnesota Vikings
            originally_available: 2025-09-15
            summary: >
              Week 2 matchup at U.S. Bank Stadium (Minneapolis, MN). Scheduled date: September 15, 2025.
          15:
            title: Tampa Bay Buccaneers vs Houston Texans
            originally_available: 2025-09-15
            summary: >
              Week 2 matchup at NRG Stadium (Houston, TX). Scheduled date: September 15, 2025.
          16:
            title: Los Angeles Chargers vs Las Vegas Raiders
            originally_available: 2025-09-16
            summary: >
              Week 2 matchup at Allegiant Stadium (Las Vegas, NV). Scheduled date: September 16, 2025.
      3:
        title: Week 3
        sort_title: 03_Week 3
        summary: >
          Week 3 covers September 19-23, 2025 with 16 scheduled games across the league.
        episodes:
          1:
            title: Miami Dolphins vs Buffalo Bills
            originally_available: 2025-09-19
            summary: >
              Week 3 matchup at Highmark Stadium (Orchard Park, NY). Scheduled date: September 19, 2025.
          2:
            title: Green Bay Packers vs Cleveland Browns
            originally_available: 2025-09-21
            summary: >
              Week 3 matchup at Huntington Bank Field (Cleveland, OH). Scheduled date: September 21, 2025.
          3:
            title: Indianapolis Colts vs Tennessee Titans
            originally_available: 2025-09-21
            summary: >
              Week 3 matchup at Nissan Stadium (Nashville, TN). Scheduled date: September 21, 2025.
          4:
            title: Cincinnati Bengals vs Minnesota Vikings
            originally_available: 2025-09-21
            summary: >
              Week 3 matchup at U.S. Bank Stadium (Minneapolis, MN). Scheduled date: September 21, 2025.
          5:
            title: Pittsburgh Steelers vs New England Patriots
            originally_available: 2025-09-21
            summary: >
              Week 3 matchup at Gillette Stadium (Foxborough, MA). Scheduled date: September 21, 2025.
          6:
            title: Los Angeles Rams vs Philadelphia Eagles
            originally_available: 2025-09-21
            summary: >
              Week 3 matchup at Lincoln Financial Field (Philadelphia, PA). Scheduled date: September 21, 2025.
          7:
            title: New York Jets vs Tampa Bay Buccaneers
            originally_available: 2025-09-21
            summary: >
              Week 3 matchup at Raymond James Stadium (Tampa, FL). Scheduled date: September 21, 2025.
          8:
            title: Las Vegas Raiders vs Washington Commanders
            originally_available: 2025-09-21
            summary: >
              Week 3 matchup at Northwest Stadium (Landover, MD). Scheduled date: September 21, 2025.
          9:
            title: Atlanta Falcons vs Carolina Panthers
            originally_available: 2025-09-21
            summary: >
              Week 3 matchup at Bank of America Stadium (Charlotte, NC). Scheduled date: September 21, 2025.
          10:
            title: Houston Texans vs Jacksonville Jaguars
            originally_available: 2025-09-21
            summary: >
              Week 3 matchup at EverBank Stadium (Jacksonville, FL). Scheduled date: September 21, 2025.
          11:
            title: Denver Broncos vs Los Angeles Chargers
            originally_available: 2025-09-21
            summary: >
              Week 3 matchup at SoFi Stadium (Inglewood, CA). Scheduled date: September 21, 2025.
          12:
            title: New Orleans Saints vs Seattle Seahawks
            originally_available: 2025-09-21
            summary: >
              Week 3 matchup at Lumen Field (Seattle, WA). Scheduled date: September 21, 2025.
          13:
            title: Dallas Cowboys vs Chicago Bears
            originally_available: 2025-09-21
            summary: >
              Week 3 matchup at Soldier Field (Chicago, IL). Scheduled date: September 21, 2025.
          14:
            title: Arizona Cardinals vs San Francisco 49ers
            originally_available: 2025-09-21
            summary: >
              Week 3 matchup at Levi's Stadium (Santa Clara, CA). Scheduled date: September 21, 2025.
          15:
            title: Kansas City Chiefs vs New York Giants
            originally_available: 2025-09-22
            summary: >
              Week 3 matchup at MetLife Stadium (East Rutherford, NJ). Scheduled date: September 22, 2025.
          16:
            title: Detroit Lions vs Baltimore Ravens
            originally_available: 2025-09-23
            summary: >
              Week 3 matchup at M&T Bank Stadium (Baltimore, MD). Scheduled date: September 23, 2025.
      4:
        title: Week 4
        sort_title: 04_Week 4
        summary: >
          Week 4 covers September 26-30, 2025 with 16 scheduled games across the league.
        episodes:
          1:
            title: Seattle Seahawks vs Arizona Cardinals
            originally_available: 2025-09-26
            summary: >
              Week 4 matchup at State Farm Stadium (Glendale, AZ). Scheduled date: September 26, 2025.
          2:
            title: Minnesota Vikings vs Pittsburgh Steelers
            originally_available: 2025-09-28
            summary: >
              Week 4 matchup at Croke Park (Dublin, Ireland). Scheduled date: September 28, 2025.
          3:
            title: Washington Commanders vs Atlanta Falcons
            originally_available: 2025-09-28
            summary: >
              Week 4 matchup at Mercedes-Benz Stadium (Atlanta, GA). Scheduled date: September 28, 2025.
          4:
            title: New Orleans Saints vs Buffalo Bills
            originally_available: 2025-09-28
            summary: >
              Week 4 matchup at Highmark Stadium (Orchard Park, NY). Scheduled date: September 28, 2025.
          5:
            title: Cleveland Browns vs Detroit Lions
            originally_available: 2025-09-28
            summary: >
              Week 4 matchup at Ford Field (Detroit, MI). Scheduled date: September 28, 2025.
          6:
            title: Carolina Panthers vs New England Patriots
            originally_available: 2025-09-28
            summary: >
              Week 4 matchup at Gillette Stadium (Foxborough, MA). Scheduled date: September 28, 2025.
          7:
            title: Los Angeles Chargers vs New York Giants
            originally_available: 2025-09-28
            summary: >
              Week 4 matchup at MetLife Stadium (East Rutherford, NJ). Scheduled date: September 28, 2025.
          8:
            title: Philadelphia Eagles vs Tampa Bay Buccaneers
            originally_available: 2025-09-28
            summary: >
              Week 4 matchup at Raymond James Stadium (Tampa, FL). Scheduled date: September 28, 2025.
          9:
            title: Tennessee Titans vs Houston Texans
            originally_available: 2025-09-28
            summary: >
              Week 4 matchup at NRG Stadium (Houston, TX). Scheduled date: September 28, 2025.
          10:
            title: Indianapolis Colts vs Los Angeles Rams
            originally_available: 2025-09-28
            summary: >
              Week 4 matchup at SoFi Stadium (Inglewood, CA). Scheduled date: September 28, 2025.
          11:
            title: Jacksonville Jaguars vs San Francisco 49ers
            originally_available: 2025-09-28
            summary: >
              Week 4 matchup at Levi's Stadium (Santa Clara, CA). Scheduled date: September 28, 2025.
          12:
            title: Baltimore Ravens vs Kansas City Chiefs
            originally_available: 2025-09-28
            summary: >
              Week 4 matchup at GEHA Field at Arrowhead Stadium (Kansas City, MO). Scheduled date: September 28,
              2025.
          13:
            title: Chicago Bears vs Las Vegas Raiders
            originally_available: 2025-09-28
            summary: >
              Week 4 matchup at Allegiant Stadium (Las Vegas, NV). Scheduled date: September 28, 2025.
          14:
            title: Green Bay Packers vs Dallas Cowboys
            originally_available: 2025-09-29
            summary: >
              Week 4 matchup at AT&T Stadium (Arlington, TX). Scheduled date: September 29, 2025.
          15:
            title: New York Jets vs Miami Dolphins
            originally_available: 2025-09-29
            summary: >
              Week 4 matchup at Hard Rock Stadium (Miami Gardens, FL). Scheduled date: September 29, 2025.
          16:
            title: Cincinnati Bengals vs Denver Broncos
            originally_available: 2025-09-30
            summary: >
              Week 4 matchup at Empower Field at Mile High (Denver, CO). Scheduled date: September 30, 2025.
      5:
        title: Week 5
        sort_title: 05_Week 5
        summary: >
          Week 5 covers October 3-7, 2025 with 14 scheduled games across the league.
        episodes:
          1:
            title: San Francisco 49ers vs Los Angeles Rams
            originally_available: 2025-10-03
            summary: >
              Week 5 matchup at SoFi Stadium (Inglewood, CA). Scheduled date: October 3, 2025.
          2:
            title: Minnesota Vikings vs Cleveland Browns
            originally_available: 2025-10-05
            summary: >
              Week 5 matchup at Tottenham Hotspur Stadium (London, England). Scheduled date: October 5, 2025.
          3:
            title: Las Vegas Raiders vs Indianapolis Colts
            originally_available: 2025-10-05
            summary: >
              Week 5 matchup at Lucas Oil Stadium (Indianapolis, IN). Scheduled date: October 5, 2025.
          4:
            title: New York Giants vs New Orleans Saints
            originally_available: 2025-10-05
            summary: >
              Week 5 matchup at Caesars Superdome (New Orleans, LA). Scheduled date: October 5, 2025.
          5:
            title: Dallas Cowboys vs New York Jets
            originally_available: 2025-10-05
            summary: >
              Week 5 matchup at MetLife Stadium (East Rutherford, NJ). Scheduled date: October 5, 2025.
          6:
            title: Denver Broncos vs Philadelphia Eagles
            originally_available: 2025-10-05
            summary: >
              Week 5 matchup at Lincoln Financial Field (Philadelphia, PA). Scheduled date: October 5, 2025.
          7:
            title: Miami Dolphins vs Carolina Panthers
            originally_available: 2025-10-05
            summary: >
              Week 5 matchup at Bank of America Stadium (Charlotte, NC). Scheduled date: October 5, 2025.
          8:
            title: Houston Texans vs Baltimore Ravens
            originally_available: 2025-10-05
            summary: >
              Week 5 matchup at M&T Bank Stadium (Baltimore, MD). Scheduled date: October 5, 2025.
          9:
            title: Tennessee Titans vs Arizona Cardinals
            originally_available: 2025-10-05
            summary: >
              Week 5 matchup at State Farm Stadium (Glendale, AZ). Scheduled date: October 5, 2025.
          10:
            title: Tampa Bay Buccaneers vs Seattle Seahawks
            originally_available: 2025-10-05
            summary: >
              Week 5 matchup at Lumen Field (Seattle, WA). Scheduled date: October 5, 2025.
          11:
            title: Detroit Lions vs Cincinnati Bengals
            originally_available: 2025-10-05
            summary: >
              Week 5 matchup at Paycor Stadium (Cincinnati, OH). Scheduled date: October 5, 2025.
          12:
            title: Washington Commanders vs Los Angeles Chargers
            originally_available: 2025-10-05
            summary: >
              Week 5 matchup at SoFi Stadium (Inglewood, CA). Scheduled date: October 5, 2025.
          13:
            title: New England Patriots vs Buffalo Bills
            originally_available: 2025-10-06
            summary: >
              Week 5 matchup at Highmark Stadium (Orchard Park, NY). Scheduled date: October 6, 2025.
          14:
            title: Kansas City Chiefs vs Jacksonville Jaguars
            originally_available: 2025-10-07
            summary: >
              Week 5 matchup at EverBank Stadium (Jacksonville, FL). Scheduled date: October 7, 2025.
      6:
        title: Week 6
        sort_title: 06_Week 6
        summary: >
          Week 6 covers October 10-14, 2025 with 15 scheduled games across the league.
        episodes:
          1:
            title: Philadelphia Eagles vs New York Giants
            originally_available: 2025-10-10
            summary: >
              Week 6 matchup at MetLife Stadium (East Rutherford, NJ). Scheduled date: October 10, 2025.
          2:
            title: Denver Broncos vs New York Jets
            originally_available: 2025-10-12
            summary: >
              Week 6 matchup at Tottenham Hotspur Stadium (London, England). Scheduled date: October 12, 2025.
          3:
            title: Arizona Cardinals vs Indianapolis Colts
            originally_available: 2025-10-12
            summary: >
              Week 6 matchup at Lucas Oil Stadium (Indianapolis, IN). Scheduled date: October 12, 2025.
          4:
            title: Los Angeles Chargers vs Miami Dolphins
            originally_available: 2025-10-12
            summary: >
              Week 6 matchup at Hard Rock Stadium (Miami Gardens, FL). Scheduled date: October 12, 2025.
          5:
            title: New England Patriots vs New Orleans Saints
            originally_available: 2025-10-12
            summary: >
              Week 6 matchup at Caesars Superdome (New Orleans, LA). Scheduled date: October 12, 2025.
          6:
            title: Cleveland Browns vs Pittsburgh Steelers
            originally_available: 2025-10-12
            summary: >
              Week 6 matchup at Acrisure Stadium (Pittsburgh, PA). Scheduled date: October 12, 2025.
          7:
            title: Dallas Cowboys vs Carolina Panthers
            originally_available: 2025-10-12
            summary: >
              Week 6 matchup at Bank of America Stadium (Charlotte, NC). Scheduled date: October 12, 2025.
          8:
            title: Seattle Seahawks vs Jacksonville Jaguars
            originally_available: 2025-10-12
            summary: >
              Week 6 matchup at EverBank Stadium (Jacksonville, FL). Scheduled date: October 12, 2025.
          9:
            title: Los Angeles Rams vs Baltimore Ravens
            originally_available: 2025-10-12
            summary: >
              Week 6 matchup at M&T Bank Stadium (Baltimore, MD). Scheduled date: October 12, 2025.
          10:
            title: Tennessee Titans vs Las Vegas Raiders
            originally_available: 2025-10-12
            summary: >
              Week 6 matchup at Allegiant Stadium (Las Vegas, NV). Scheduled date: October 12, 2025.
          11:
            title: Cincinnati Bengals vs Green Bay Packers
            originally_available: 2025-10-12
            summary: >
              Week 6 matchup at Lambeau Field (Green Bay, WI). Scheduled date: October 12, 2025.
          12:
            title: San Francisco 49ers vs Tampa Bay Buccaneers
            originally_available: 2025-10-12
            summary: >
              Week 6 matchup at Raymond James Stadium (Tampa, FL). Scheduled date: October 12, 2025.
          13:
            title: Detroit Lions vs Kansas City Chiefs
            originally_available: 2025-10-13
            summary: >
              Week 6 matchup at GEHA Field at Arrowhead Stadium (Kansas City, MO). Scheduled date: October 13,
              2025.
          14:
            title: Buffalo Bills vs Atlanta Falcons
            originally_available: 2025-10-13
            summary: >
              Week 6 matchup at Mercedes-Benz Stadium (Atlanta, GA). Scheduled date: October 13, 2025.
          15:
            title: Chicago Bears vs Washington Commanders
            originally_available: 2025-10-14
            summary: >
              Week 6 matchup at Northwest Stadium (Landover, MD). Scheduled date: October 14, 2025.
      7:
        title: Week 7
        sort_title: 07_Week 7
        summary: >
          Week 7 covers October 17-21, 2025 with 15 scheduled games across the league.
        episodes:
          1:
            title: Pittsburgh Steelers vs Cincinnati Bengals
            originally_available: 2025-10-17
            summary: >
              Week 7 matchup at Paycor Stadium (Cincinnati, OH). Scheduled date: October 17, 2025.
          2:
            title: Los Angeles Rams vs Jacksonville Jaguars
            originally_available: 2025-10-19
            summary: >
              Week 7 matchup at Wembley Stadium (London, England). Scheduled date: October 19, 2025.
          3:
            title: New Orleans Saints vs Chicago Bears
            originally_available: 2025-10-19
            summary: >
              Week 7 matchup at Soldier Field (Chicago, IL). Scheduled date: October 19, 2025.
          4:
            title: Miami Dolphins vs Cleveland Browns
            originally_available: 2025-10-19
            summary: >
              Week 7 matchup at Huntington Bank Field (Cleveland, OH). Scheduled date: October 19, 2025.
          5:
            title: New England Patriots vs Tennessee Titans
            originally_available: 2025-10-19
            summary: >
              Week 7 matchup at Nissan Stadium (Nashville, TN). Scheduled date: October 19, 2025.
          6:
            title: Las Vegas Raiders vs Kansas City Chiefs
            originally_available: 2025-10-19
            summary: >
              Week 7 matchup at GEHA Field at Arrowhead Stadium (Kansas City, MO). Scheduled date: October 19,
              2025.
          7:
            title: Philadelphia Eagles vs Minnesota Vikings
            originally_available: 2025-10-19
            summary: >
              Week 7 matchup at U.S. Bank Stadium (Minneapolis, MN). Scheduled date: October 19, 2025.
          8:
            title: Carolina Panthers vs New York Jets
            originally_available: 2025-10-19
            summary: >
              Week 7 matchup at MetLife Stadium (East Rutherford, NJ). Scheduled date: October 19, 2025.
          9:
            title: New York Giants vs Denver Broncos
            originally_available: 2025-10-19
            summary: >
              Week 7 matchup at Empower Field at Mile High (Denver, CO). Scheduled date: October 19, 2025.
          10:
            title: Indianapolis Colts vs Los Angeles Chargers
            originally_available: 2025-10-19
            summary: >
              Week 7 matchup at SoFi Stadium (Inglewood, CA). Scheduled date: October 19, 2025.
          11:
            title: Washington Commanders vs Dallas Cowboys
            originally_available: 2025-10-19
            summary: >
              Week 7 matchup at AT&T Stadium (Arlington, TX). Scheduled date: October 19, 2025.
          12:
            title: Green Bay Packers vs Arizona Cardinals
            originally_available: 2025-10-19
            summary: >
              Week 7 matchup at State Farm Stadium (Glendale, AZ). Scheduled date: October 19, 2025.
          13:
            title: Atlanta Falcons vs San Francisco 49ers
            originally_available: 2025-10-20
            summary: >
              Week 7 matchup at Levi's Stadium (Santa Clara, CA). Scheduled date: October 20, 2025.
          14:
            title: Tampa Bay Buccaneers vs Detroit Lions
            originally_available: 2025-10-20
            summary: >
              Week 7 matchup at Ford Field (Detroit, MI). Scheduled date: October 20, 2025.
          15:
            title: Houston Texans vs Seattle Seahawks
            originally_available: 2025-10-21
            summary: >
              Week 7 matchup at Lumen Field (Seattle, WA). Scheduled date: October 21, 2025.
      8:
        title: Week 8
        sort_title: 08_Week 8
        summary: >
          Week 8 covers October 24-28, 2025 with 13 scheduled games across the league.
        episodes:
          1:
            title: Minnesota Vikings vs Los Angeles Chargers
            originally_available: 2025-10-24
            summary: >
              Week 8 matchup at SoFi Stadium (Inglewood, CA). Scheduled date: October 24, 2025.
          2:
            title: Miami Dolphins vs Atlanta Falcons
            originally_available: 2025-10-26
            summary: >
              Week 8 matchup at Mercedes-Benz Stadium (Atlanta, GA). Scheduled date: October 26, 2025.
          3:
            title: New York Jets vs Cincinnati Bengals
            originally_available: 2025-10-26
            summary: >
              Week 8 matchup at Paycor Stadium (Cincinnati, OH). Scheduled date: October 26, 2025.
          4:
            title: Cleveland Browns vs New England Patriots
            originally_available: 2025-10-26
            summary: >
              Week 8 matchup at Gillette Stadium (Foxborough, MA). Scheduled date: October 26, 2025.
          5:
            title: New York Giants vs Philadelphia Eagles
            originally_available: 2025-10-26
            summary: >
              Week 8 matchup at Lincoln Financial Field (Philadelphia, PA). Scheduled date: October 26, 2025.
          6:
            title: Buffalo Bills vs Carolina Panthers
            originally_available: 2025-10-26
            summary: >
              Week 8 matchup at Bank of America Stadium (Charlotte, NC). Scheduled date: October 26, 2025.
          7:
            title: Chicago Bears vs Baltimore Ravens
            originally_available: 2025-10-26
            summary: >
              Week 8 matchup at M&T Bank Stadium (Baltimore, MD). Scheduled date: October 26, 2025.
          8:
            title: San Francisco 49ers vs Houston Texans
            originally_available: 2025-10-26
            summary: >
              Week 8 matchup at NRG Stadium (Houston, TX). Scheduled date: October 26, 2025.
          9:
            title: Tampa Bay Buccaneers vs New Orleans Saints
            originally_available: 2025-10-26
            summary: >
              Week 8 matchup at Caesars Superdome (New Orleans, LA). Scheduled date: October 26, 2025.
          10:
            title: Dallas Cowboys vs Denver Broncos
            originally_available: 2025-10-26
            summary: >
              Week 8 matchup at Empower Field at Mile High (Denver, CO). Scheduled date: October 26, 2025.
          11:
            title: Tennessee Titans vs Indianapolis Colts
            originally_available: 2025-10-26
            summary: >
              Week 8 matchup at Lucas Oil Stadium (Indianapolis, IN). Scheduled date: October 26, 2025.
          12:
            title: Green Bay Packers vs Pittsburgh Steelers
            originally_available: 2025-10-27
            summary: >
              Week 8 matchup at Acrisure Stadium (Pittsburgh, PA). Scheduled date: October 27, 2025.
          13:
            title: Washington Commanders vs Kansas City Chiefs
            originally_available: 2025-10-28
            summary: >
              Week 8 matchup at GEHA Field at Arrowhead Stadium (Kansas City, MO). Scheduled date: October 28,
              2025.
      9:
        title: Week 9
        sort_title: 09_Week 9
        summary: >
          Week 9 covers October 31 - November 4, 2025 with 14 scheduled games across the league.
        episodes:
          1:
            title: Baltimore Ravens vs Miami Dolphins
            originally_available: 2025-10-31
            summary: >
              Week 9 matchup at Hard Rock Stadium (Miami Gardens, FL). Scheduled date: October 31, 2025.
          2:
            title: Chicago Bears vs Cincinnati Bengals
            originally_available: 2025-11-02
            summary: >
              Week 9 matchup at Paycor Stadium (Cincinnati, OH). Scheduled date: November 2, 2025.
          3:
            title: Minnesota Vikings vs Detroit Lions
            originally_available: 2025-11-02
            summary: >
              Week 9 matchup at Ford Field (Detroit, MI). Scheduled date: November 2, 2025.
          4:
            title: Carolina Panthers vs Green Bay Packers
            originally_available: 2025-11-02
            summary: >
              Week 9 matchup at Lambeau Field (Green Bay, WI). Scheduled date: November 2, 2025.
          5:
            title: Los Angeles Chargers vs Tennessee Titans
            originally_available: 2025-11-02
            summary: >
              Week 9 matchup at Nissan Stadium (Nashville, TN). Scheduled date: November 2, 2025.
          6:
            title: Atlanta Falcons vs New England Patriots
            originally_available: 2025-11-02
            summary: >
              Week 9 matchup at Gillette Stadium (Foxborough, MA). Scheduled date: November 2, 2025.
          7:
            title: San Francisco 49ers vs New York Giants
            originally_available: 2025-11-02
            summary: >
              Week 9 matchup at MetLife Stadium (East Rutherford, NJ). Scheduled date: November 2, 2025.
          8:
            title: Indianapolis Colts vs Pittsburgh Steelers
            originally_available: 2025-11-02
            summary: >
              Week 9 matchup at Acrisure Stadium (Pittsburgh, PA). Scheduled date: November 2, 2025.
          9:
            title: Denver Broncos vs Houston Texans
            originally_available: 2025-11-02
            summary: >
              Week 9 matchup at NRG Stadium (Houston, TX). Scheduled date: November 2, 2025.
          10:
            title: Jacksonville Jaguars vs Las Vegas Raiders
            originally_available: 2025-11-02
            summary: >
              Week 9 matchup at Allegiant Stadium (Las Vegas, NV). Scheduled date: November 2, 2025.
          11:
            title: New Orleans Saints vs Los Angeles Rams
            originally_available: 2025-11-02
            summary: >
              Week 9 matchup at SoFi Stadium (Inglewood, CA). Scheduled date: November 2, 2025.
          12:
            title: Kansas City Chiefs vs Buffalo Bills
            originally_available: 2025-11-02
            summary: >
              Week 9 matchup at Highmark Stadium (Orchard Park, NY). Scheduled date: November 2, 2025.
          13:
            title: Seattle Seahawks vs Washington Commanders
            originally_available: 2025-11-03
            summary: >
              Week 9 matchup at Northwest Stadium (Landover, MD). Scheduled date: November 3, 2025.
          14:
            title: Arizona Cardinals vs Dallas Cowboys
            originally_available: 2025-11-04
            summary: >
              Week 9 matchup at AT&T Stadium (Arlington, TX). Scheduled date: November 4, 2025.
      10:
        title: Week 10
        sort_title: 10_Week 10
        summary: >
          Week 10 covers November 7-10, 2025 with 14 scheduled games across the league.
        episodes:
          1:
            title: Las Vegas Raiders vs Denver Broncos
            originally_available: 2025-11-07
            summary: >
              Week 10 matchup at Empower Field at Mile High (Denver, CO). Scheduled date: November 7, 2025.
          2:
            title: Atlanta Falcons vs Indianapolis Colts
            originally_available: 2025-11-09
            summary: >
              Week 10 matchup at Olympic Stadium Berlin (Berlin, Germany). Scheduled date: November 9, 2025.
              Listed kickoff: Sun, November 9th at 9:30 AM EST.
          3:
            title: New York Giants vs Chicago Bears
            originally_available: 2025-11-09
            summary: >
              Week 10 matchup at Soldier Field (Chicago, IL). Scheduled date: November 9, 2025. Listed kickoff:
              Sun, November 9th at 1:00 PM EST.
          4:
            title: Buffalo Bills vs Miami Dolphins
            originally_available: 2025-11-09
            summary: >
              Week 10 matchup at Hard Rock Stadium (Miami Gardens, FL). Scheduled date: November 9, 2025. Listed
              kickoff: Sun, November 9th at 1:00 PM EST.
          5:
            title: Baltimore Ravens vs Minnesota Vikings
            originally_available: 2025-11-09
            summary: >
              Week 10 matchup at U.S. Bank Stadium (Minneapolis, MN). Scheduled date: November 9, 2025. Listed
              kickoff: Sun, November 9th at 1:00 PM EST.
          6:
            title: Cleveland Browns vs New York Jets
            originally_available: 2025-11-09
            summary: >
              Week 10 matchup at MetLife Stadium (East Rutherford, NJ). Scheduled date: November 9, 2025. Listed
              kickoff: Sun, November 9th at 1:00 PM EST.
          7:
            title: New England Patriots vs Tampa Bay Buccaneers
            originally_available: 2025-11-09
            summary: >
              Week 10 matchup at Raymond James Stadium (Tampa, FL). Scheduled date: November 9, 2025. Listed
              kickoff: Sun, November 9th at 1:00 PM EST.
          8:
            title: New Orleans Saints vs Carolina Panthers
            originally_available: 2025-11-09
            summary: >
              Week 10 matchup at Bank of America Stadium (Charlotte, NC). Scheduled date: November 9, 2025. Listed
              kickoff: Sun, November 9th at 1:00 PM EST.
          9:
            title: Jacksonville Jaguars vs Houston Texans
            originally_available: 2025-11-09
            summary: >
              Week 10 matchup at NRG Stadium (Houston, TX). Scheduled date: November 9, 2025. Listed kickoff: Sun,
              November 9th at 1:00 PM EST.
          10:
            title: Arizona Cardinals vs Seattle Seahawks
            originally_available: 2025-11-09
            summary: >
              Week 10 matchup at Lumen Field (Seattle, WA). Scheduled date: November 9, 2025. Listed kickoff: Sun,
              November 9th at 4:05 PM EST.
          11:
            title: Los Angeles Rams vs San Francisco 49ers
            originally_available: 2025-11-09
            summary: >
              Week 10 matchup at Levi's Stadium (Santa Clara, CA). Scheduled date: November 9, 2025. Listed
              kickoff: Sun, November 9th at 4:25 PM EST.
          12:
            title: Detroit Lions vs Washington Commanders
            originally_available: 2025-11-09
            summary: >
              Week 10 matchup at Northwest Stadium (Landover, MD). Scheduled date: November 9, 2025. Listed
              kickoff: Sun, November 9th at 4:25 PM EST.
          13:
            title: Pittsburgh Steelers vs Los Angeles Chargers
            originally_available: 2025-11-09
            summary: >
              Week 10 matchup at SoFi Stadium (Inglewood, CA). Scheduled date: November 9, 2025. Listed kickoff:
              Sun, November 9th at 8:20 PM EST.
          14:
            title: Philadelphia Eagles vs Green Bay Packers
            originally_available: 2025-11-10
            summary: >
              Week 10 matchup at Lambeau Field (Green Bay, WI). Scheduled date: November 10, 2025. Listed kickoff:
              Mon, November 10th at 8:15 PM EST.
      11:
        title: Week 11
        sort_title: 11_Week 11
        summary: >
          Week 11 covers November 13-17, 2025 with 15 scheduled games across the league.
        episodes:
          1:
            title: New York Jets vs New England Patriots
            originally_available: 2025-11-13
            summary: >
              Week 11 matchup at Gillette Stadium (Foxborough, MA). Scheduled date: November 13, 2025. Listed
              kickoff: Thu, November 13th at 8:15 PM EST.
          2:
            title: Washington Commanders vs Miami Dolphins
            originally_available: 2025-11-16
            summary: >
              Week 11 matchup at Santiago Bernabéu (Madrid, Spain). Scheduled date: November 16, 2025. Listed
              kickoff: Sun, November 16th at 9:30 AM EST.
          3:
            title: Carolina Panthers vs Atlanta Falcons
            originally_available: 2025-11-16
            summary: >
              Week 11 matchup at Mercedes-Benz Stadium (Atlanta, GA). Scheduled date: November 16, 2025. Listed
              kickoff: Sun, November 16th at 1:00 PM EST.
          4:
            title: Tampa Bay Buccaneers vs Buffalo Bills
            originally_available: 2025-11-16
            summary: >
              Week 11 matchup at Highmark Stadium (Orchard Park, NY). Scheduled date: November 16, 2025. Listed
              kickoff: Sun, November 16th at 1:00 PM EST.
          5:
            title: Houston Texans vs Tennessee Titans
            originally_available: 2025-11-16
            summary: >
              Week 11 matchup at Nissan Stadium (Nashville, TN). Scheduled date: November 16, 2025. Listed
              kickoff: Sun, November 16th at 1:00 PM EST.
          6:
            title: Chicago Bears vs Minnesota Vikings
            originally_available: 2025-11-16
            summary: >
              Week 11 matchup at U.S. Bank Stadium (Minneapolis, MN). Scheduled date: November 16, 2025. Listed
              kickoff: Sun, November 16th at 1:00 PM EST.
          7:
            title: Green Bay Packers vs New York Giants
            originally_available: 2025-11-16
            summary: >
              Week 11 matchup at MetLife Stadium (East Rutherford, NJ). Scheduled date: November 16, 2025. Listed
              kickoff: Sun, November 16th at 1:00 PM EST.
          8:
            title: Cincinnati Bengals vs Pittsburgh Steelers
            originally_available: 2025-11-16
            summary: >
              Week 11 matchup at Acrisure Stadium (Pittsburgh, PA). Scheduled date: November 16, 2025. Listed
              kickoff: Sun, November 16th at 1:00 PM EST.
          9:
            title: Los Angeles Chargers vs Jacksonville Jaguars
            originally_available: 2025-11-16
            summary: >
              Week 11 matchup at EverBank Stadium (Jacksonville, FL). Scheduled date: November 16, 2025. Listed
              kickoff: Sun, November 16th at 1:00 PM EST.
          10:
            title: Seattle Seahawks vs Los Angeles Rams
            originally_available: 2025-11-16
            summary: >
              Week 11 matchup at SoFi Stadium (Inglewood, CA). Scheduled date: November 16, 2025. Listed kickoff:
              Sun, November 16th at 4:05 PM EST.
          11:
            title: San Francisco 49ers vs Arizona Cardinals
            originally_available: 2025-11-16
            summary: >
              Week 11 matchup at State Farm Stadium (Glendale, AZ). Scheduled date: November 16, 2025. Listed
              kickoff: Sun, November 16th at 4:05 PM EST.
          12:
            title: Baltimore Ravens vs Cleveland Browns
            originally_available: 2025-11-16
            summary: >
              Week 11 matchup at Huntington Bank Field (Cleveland, OH). Scheduled date: November 16, 2025. Listed
              kickoff: Sun, November 16th at 4:25 PM EST.
          13:
            title: Kansas City Chiefs vs Denver Broncos
            originally_available: 2025-11-16
            summary: >
              Week 11 matchup at Empower Field at Mile High (Denver, CO). Scheduled date: November 16, 2025.
              Listed kickoff: Sun, November 16th at 4:25 PM EST.
          14:
            title: Detroit Lions vs Philadelphia Eagles
            originally_available: 2025-11-16
            summary: >
              Week 11 matchup at Lincoln Financial Field (Philadelphia, PA). Scheduled date: November 16, 2025.
              Listed kickoff: Sun, November 16th at 8:20 PM EST.
          15:
            title: Dallas Cowboys vs Las Vegas Raiders
            originally_available: 2025-11-17
            summary: >
              Week 11 matchup at Allegiant Stadium (Las Vegas, NV). Scheduled date: November 17, 2025. Listed
              kickoff: Mon, November 17th at 8:15 PM EST.
      12:
        title: Week 12
        sort_title: 12_Week 12
        summary: >
          Week 12 covers November 20-24, 2025 with 14 scheduled games across the league.
        episodes:
          1:
            title: Buffalo Bills vs Houston Texans
            originally_available: 2025-11-20
            summary: >
              Week 12 matchup at NRG Stadium (Houston, TX). Scheduled date: November 20, 2025. Listed kickoff:
              Thu, November 20th at 8:15 PM EST.
          2:
            title: Pittsburgh Steelers vs Chicago Bears
            originally_available: 2025-11-23
            summary: >
              Week 12 matchup at Soldier Field (Chicago, IL). Scheduled date: November 23, 2025. Listed kickoff:
              Sun, November 23rd at 1:00 PM EST.
          3:
            title: New England Patriots vs Cincinnati Bengals
            originally_available: 2025-11-23
            summary: >
              Week 12 matchup at Paycor Stadium (Cincinnati, OH). Scheduled date: November 23, 2025. Listed
              kickoff: Sun, November 23rd at 1:00 PM EST.
          4:
            title: New York Giants vs Detroit Lions
            originally_available: 2025-11-23
            summary: >
              Week 12 matchup at Ford Field (Detroit, MI). Scheduled date: November 23, 2025. Listed kickoff: Sun,
              November 23rd at 1:00 PM EST.
          5:
            title: Minnesota Vikings vs Green Bay Packers
            originally_available: 2025-11-23
            summary: >
              Week 12 matchup at Lambeau Field (Green Bay, WI). Scheduled date: November 23, 2025. Listed kickoff:
              Sun, November 23rd at 1:00 PM EST.
          6:
            title: Seattle Seahawks vs Tennessee Titans
            originally_available: 2025-11-23
            summary: >
              Week 12 matchup at Nissan Stadium (Nashville, TN). Scheduled date: November 23, 2025. Listed
              kickoff: Sun, November 23rd at 1:00 PM EST.
          7:
            title: Indianapolis Colts vs Kansas City Chiefs
            originally_available: 2025-11-23
            summary: >
              Week 12 matchup at GEHA Field at Arrowhead Stadium (Kansas City, MO). Scheduled date: November 23,
              2025. Listed kickoff: Sun, November 23rd at 1:00 PM EST.
          8:
            title: New York Jets vs Baltimore Ravens
            originally_available: 2025-11-23
            summary: >
              Week 12 matchup at M&T Bank Stadium (Baltimore, MD). Scheduled date: November 23, 2025. Listed
              kickoff: Sun, November 23rd at 1:00 PM EST.
          9:
            title: Cleveland Browns vs Las Vegas Raiders
            originally_available: 2025-11-23
            summary: >
              Week 12 matchup at Allegiant Stadium (Las Vegas, NV). Scheduled date: November 23, 2025. Listed
              kickoff: Sun, November 23rd at 4:05 PM EST.
          10:
            title: Jacksonville Jaguars vs Arizona Cardinals
            originally_available: 2025-11-23
            summary: >
              Week 12 matchup at State Farm Stadium (Glendale, AZ). Scheduled date: November 23, 2025. Listed
              kickoff: Sun, November 23rd at 4:05 PM EST.
          11:
            title: Philadelphia Eagles vs Dallas Cowboys
            originally_available: 2025-11-23
            summary: >
              Week 12 matchup at AT&T Stadium (Arlington, TX). Scheduled date: November 23, 2025. Listed kickoff:
              Sun, November 23rd at 4:25 PM EST.
          12:
            title: Atlanta Falcons vs New Orleans Saints
            originally_available: 2025-11-23
            summary: >
              Week 12 matchup at Caesars Superdome (New Orleans, LA). Scheduled date: November 23, 2025. Listed
              kickoff: Sun, November 23rd at 4:25 PM EST.
          13:
            title: Tampa Bay Buccaneers vs Los Angeles Rams
            originally_available: 2025-11-23
            summary: >
              Week 12 matchup at SoFi Stadium (Inglewood, CA). Scheduled date: November 23, 2025. Listed kickoff:
              Sun, November 23rd at 8:20 PM EST.
          14:
            title: Carolina Panthers vs San Francisco 49ers
            originally_available: 2025-11-24
            summary: >
              Week 12 matchup at Levi's Stadium (Santa Clara, CA). Scheduled date: November 24, 2025. Listed
              kickoff: Mon, November 24th at 8:15 PM EST.
      13:
        title: Week 13
        sort_title: 13_Week 13
        summary: >
          Week 13 covers November 27 - December 1, 2025 with 16 scheduled games across the league.
        episodes:
          1:
            title: Green Bay Packers vs Detroit Lions
            originally_available: 2025-11-27
            summary: >
              Week 13 matchup at Ford Field (Detroit, MI). Scheduled date: November 27, 2025. Listed kickoff: Thu,
              November 27th at 1:00 PM EST.
          2:
            title: Kansas City Chiefs vs Dallas Cowboys
            originally_available: 2025-11-27
            summary: >
              Week 13 matchup at AT&T Stadium (Arlington, TX). Scheduled date: November 27, 2025. Listed kickoff:
              Thu, November 27th at 4:30 PM EST.
          3:
            title: Cincinnati Bengals vs Baltimore Ravens
            originally_available: 2025-11-27
            summary: >
              Week 13 matchup at M&T Bank Stadium (Baltimore, MD). Scheduled date: November 27, 2025. Listed
              kickoff: Thu, November 27th at 8:20 PM EST.
          4:
            title: Chicago Bears vs Philadelphia Eagles
            originally_available: 2025-11-28
            summary: >
              Week 13 matchup at Lincoln Financial Field (Philadelphia, PA). Scheduled date: November 28, 2025.
              Listed kickoff: Fri, November 28th at 3:00 PM EST.
          5:
            title: San Francisco 49ers vs Cleveland Browns
            originally_available: 2025-11-30
            summary: >
              Week 13 matchup at Huntington Bank Field (Cleveland, OH). Scheduled date: November 30, 2025. Listed
              kickoff: Sun, November 30th at 1:00 PM EST.
          6:
            title: Jacksonville Jaguars vs Tennessee Titans
            originally_available: 2025-11-30
            summary: >
              Week 13 matchup at Nissan Stadium (Nashville, TN). Scheduled date: November 30, 2025. Listed
              kickoff: Sun, November 30th at 1:00 PM EST.
          7:
            title: Houston Texans vs Indianapolis Colts
            originally_available: 2025-11-30
            summary: >
              Week 13 matchup at Lucas Oil Stadium (Indianapolis, IN). Scheduled date: November 30, 2025. Listed
              kickoff: Sun, November 30th at 1:00 PM EST.
          8:
            title: New Orleans Saints vs Miami Dolphins
            originally_available: 2025-11-30
            summary: >
              Week 13 matchup at Hard Rock Stadium (Miami Gardens, FL). Scheduled date: November 30, 2025. Listed
              kickoff: Sun, November 30th at 1:00 PM EST.
          9:
            title: Atlanta Falcons vs New York Jets
            originally_available: 2025-11-30
            summary: >
              Week 13 matchup at MetLife Stadium (East Rutherford, NJ). Scheduled date: November 30, 2025. Listed
              kickoff: Sun, November 30th at 1:00 PM EST.
          10:
            title: Arizona Cardinals vs Tampa Bay Buccaneers
            originally_available: 2025-11-30
            summary: >
              Week 13 matchup at Raymond James Stadium (Tampa, FL). Scheduled date: November 30, 2025. Listed
              kickoff: Sun, November 30th at 1:00 PM EST.
          11:
            title: Los Angeles Rams vs Carolina Panthers
            originally_available: 2025-11-30
            summary: >
              Week 13 matchup at Bank of America Stadium (Charlotte, NC). Scheduled date: November 30, 2025.
              Listed kickoff: Sun, November 30th at 1:00 PM EST.
          12:
            title: Minnesota Vikings vs Seattle Seahawks
            originally_available: 2025-11-30
            summary: >
              Week 13 matchup at Lumen Field (Seattle, WA). Scheduled date: November 30, 2025. Listed kickoff:
              Sun, November 30th at 4:05 PM EST.
          13:
            title: Buffalo Bills vs Pittsburgh Steelers
            originally_available: 2025-11-30
            summary: >
              Week 13 matchup at Acrisure Stadium (Pittsburgh, PA). Scheduled date: November 30, 2025. Listed
              kickoff: Sun, November 30th at 4:25 PM EST.
          14:
            title: Las Vegas Raiders vs Los Angeles Chargers
            originally_available: 2025-11-30
            summary: >
              Week 13 matchup at SoFi Stadium (Inglewood, CA). Scheduled date: November 30, 2025. Listed kickoff:
              Sun, November 30th at 4:25 PM EST.
          15:
            title: Denver Broncos vs Washington Commanders
            originally_available: 2025-11-30
            summary: >
              Week 13 matchup at Northwest Stadium (Landover, MD). Scheduled date: November 30, 2025. Listed
              kickoff: Sun, November 30th at 8:20 PM EST.
          16:
            title: New York Giants vs New England Patriots
            originally_available: 2025-12-01
            summary: >
              Week 13 matchup at Gillette Stadium (Foxborough, MA). Scheduled date: December 1, 2025. Listed
              kickoff: Mon, December 1st at 8:15 PM EST.
      14:
        title: Week 14
        sort_title: 14_Week 14
        summary: >
          Week 14 covers December 4-8, 2025 with 14 scheduled games across the league.
        episodes:
          1:
            title: Dallas Cowboys vs Detroit Lions
            originally_available: 2025-12-04
            summary: >
              Week 14 matchup at Ford Field (Detroit, MI). Scheduled date: December 4, 2025. Listed kickoff: Thu,
              December 4th at 8:15 PM EST.
          2:
            title: Seattle Seahawks vs Atlanta Falcons
            originally_available: 2025-12-07
            summary: >
              Week 14 matchup at Mercedes-Benz Stadium (Atlanta, GA). Scheduled date: December 7, 2025. Listed
              kickoff: Sun, December 7th at 1:00 PM EST.
          3:
            title: Tennessee Titans vs Cleveland Browns
            originally_available: 2025-12-07
            summary: >
              Week 14 matchup at Huntington Bank Field (Cleveland, OH). Scheduled date: December 7, 2025. Listed
              kickoff: Sun, December 7th at 1:00 PM EST.
          4:
            title: Chicago Bears vs Green Bay Packers
            originally_available: 2025-12-07
            summary: >
              Week 14 matchup at Lambeau Field (Green Bay, WI). Scheduled date: December 7, 2025. Listed kickoff:
              Sun, December 7th at 1:00 PM EST.
          5:
            title: Washington Commanders vs Minnesota Vikings
            originally_available: 2025-12-07
            summary: >
              Week 14 matchup at U.S. Bank Stadium (Minneapolis, MN). Scheduled date: December 7, 2025. Listed
              kickoff: Sun, December 7th at 1:00 PM EST.
          6:
            title: Miami Dolphins vs New York Jets
            originally_available: 2025-12-07
            summary: >
              Week 14 matchup at MetLife Stadium (East Rutherford, NJ). Scheduled date: December 7, 2025. Listed
              kickoff: Sun, December 7th at 1:00 PM EST.
          7:
            title: New Orleans Saints vs Tampa Bay Buccaneers
            originally_available: 2025-12-07
            summary: >
              Week 14 matchup at Raymond James Stadium (Tampa, FL). Scheduled date: December 7, 2025. Listed
              kickoff: Sun, December 7th at 1:00 PM EST.
          8:
            title: Indianapolis Colts vs Jacksonville Jaguars
            originally_available: 2025-12-07
            summary: >
              Week 14 matchup at EverBank Stadium (Jacksonville, FL). Scheduled date: December 7, 2025. Listed
              kickoff: Sun, December 7th at 1:00 PM EST.
          9:
            title: Pittsburgh Steelers vs Baltimore Ravens
            originally_available: 2025-12-07
            summary: >
              Week 14 matchup at M&T Bank Stadium (Baltimore, MD). Scheduled date: December 7, 2025. Listed
              kickoff: Sun, December 7th at 1:00 PM EST.
          10:
            title: Denver Broncos vs Las Vegas Raiders
            originally_available: 2025-12-07
            summary: >
              Week 14 matchup at Allegiant Stadium (Las Vegas, NV). Scheduled date: December 7, 2025. Listed
              kickoff: Sun, December 7th at 4:05 PM EST.
          11:
            title: Cincinnati Bengals vs Buffalo Bills
            originally_available: 2025-12-07
            summary: >
              Week 14 matchup at Highmark Stadium (Orchard Park, NY). Scheduled date: December 7, 2025. Listed
              kickoff: Sun, December 7th at 4:25 PM EST.
          12:
            title: Los Angeles Rams vs Arizona Cardinals
            originally_available: 2025-12-07
            summary: >
              Week 14 matchup at State Farm Stadium (Glendale, AZ). Scheduled date: December 7, 2025. Listed
              kickoff: Sun, December 7th at 4:25 PM EST.
          13:
            title: Houston Texans vs Kansas City Chiefs
            originally_available: 2025-12-07
            summary: >
              Week 14 matchup at GEHA Field at Arrowhead Stadium (Kansas City, MO). Scheduled date: December 7,
              2025. Listed kickoff: Sun, December 7th at 8:20 PM EST.
          14:
            title: Philadelphia Eagles vs Los Angeles Chargers
            originally_available: 2025-12-08
            summary: >
              Week 14 matchup at SoFi Stadium (Inglewood, CA). Scheduled date: December 8, 2025. Listed kickoff:
              Mon, December 8th at 8:15 PM EST.
      15:
        title: Week 15
        sort_title: 15_Week 15
        summary: >
          Week 15 covers December 11-15, 2025 with 16 scheduled games across the league.
        episodes:
          1:
            title: Atlanta Falcons vs Tampa Bay Buccaneers
            originally_available: 2025-12-11
            summary: >
              Week 15 matchup at Raymond James Stadium (Tampa, FL). Scheduled date: December 11, 2025. Listed
              kickoff: Thu, December 11th at 8:15 PM EST.
          2:
            title: Cleveland Browns vs Chicago Bears
            originally_available: 2025-12-14
            summary: >
              Week 15 matchup at Soldier Field (Chicago, IL). Scheduled date: December 14, 2025. Listed kickoff:
              Sun, December 14th at 1:00 PM EST.
          3:
            title: Baltimore Ravens vs Cincinnati Bengals
            originally_available: 2025-12-14
            summary: >
              Week 15 matchup at Paycor Stadium (Cincinnati, OH). Scheduled date: December 14, 2025. Listed
              kickoff: Sun, December 14th at 1:00 PM EST.
          4:
            title: Los Angeles Chargers vs Kansas City Chiefs
            originally_available: 2025-12-14
            summary: >
              Week 15 matchup at GEHA Field at Arrowhead Stadium (Kansas City, MO). Scheduled date: December 14,
              2025. Listed kickoff: Sun, December 14th at 1:00 PM EST.
          5:
            title: Buffalo Bills vs New England Patriots
            originally_available: 2025-12-14
            summary: >
              Week 15 matchup at Gillette Stadium (Foxborough, MA). Scheduled date: December 14, 2025. Listed
              kickoff: Sun, December 14th at 1:00 PM EST.
          6:
            title: Washington Commanders vs New York Giants
            originally_available: 2025-12-14
            summary: >
              Week 15 matchup at MetLife Stadium (East Rutherford, NJ). Scheduled date: December 14, 2025. Listed
              kickoff: Sun, December 14th at 1:00 PM EST.
          7:
            title: Las Vegas Raiders vs Philadelphia Eagles
            originally_available: 2025-12-14
            summary: >
              Week 15 matchup at Lincoln Financial Field (Philadelphia, PA). Scheduled date: December 14, 2025.
              Listed kickoff: Sun, December 14th at 1:00 PM EST.
          8:
            title: New York Jets vs Jacksonville Jaguars
            originally_available: 2025-12-14
            summary: >
              Week 15 matchup at EverBank Stadium (Jacksonville, FL). Scheduled date: December 14, 2025. Listed
              kickoff: Sun, December 14th at 1:00 PM EST.
          9:
            title: Arizona Cardinals vs Houston Texans
            originally_available: 2025-12-14
            summary: >
              Week 15 matchup at NRG Stadium (Houston, TX). Scheduled date: December 14, 2025. Listed kickoff:
              Sun, December 14th at 1:00 PM EST.
          10:
            title: Green Bay Packers vs Denver Broncos
            originally_available: 2025-12-14
            summary: >
              Week 15 matchup at Empower Field at Mile High (Denver, CO). Scheduled date: December 14, 2025.
              Listed kickoff: Sun, December 14th at 4:25 PM EST.
          11:
            title: Detroit Lions vs Los Angeles Rams
            originally_available: 2025-12-14
            summary: >
              Week 15 matchup at SoFi Stadium (Inglewood, CA). Scheduled date: December 14, 2025. Listed kickoff:
              Sun, December 14th at 4:25 PM EST.
          12:
            title: Carolina Panthers vs New Orleans Saints
            originally_available: 2025-12-14
            summary: >
              Week 15 matchup at Caesars Superdome (New Orleans, LA). Scheduled date: December 14, 2025. Listed
              kickoff: Sun, December 14th at 4:25 PM EST.
          13:
            title: Tennessee Titans vs San Francisco 49ers
            originally_available: 2025-12-14
            summary: >
              Week 15 matchup at Levi's Stadium (Santa Clara, CA). Scheduled date: December 14, 2025. Listed
              kickoff: Sun, December 14th at 4:25 PM EST.
          14:
            title: Indianapolis Colts vs Seattle Seahawks
            originally_available: 2025-12-14
            summary: >
              Week 15 matchup at Lumen Field (Seattle, WA). Scheduled date: December 14, 2025. Listed kickoff:
              Sun, December 14th at 4:25 PM EST.
          15:
            title: Minnesota Vikings vs Dallas Cowboys
            originally_available: 2025-12-14
            summary: >
              Week 15 matchup at AT&T Stadium (Arlington, TX). Scheduled date: December 14, 2025. Listed kickoff:
              Sun, December 14th at 8:20 PM EST.
          16:
            title: Miami Dolphins vs Pittsburgh Steelers
            originally_available: 2025-12-15
            summary: >
              Week 15 matchup at Acrisure Stadium (Pittsburgh, PA). Scheduled date: December 15, 2025. Listed
              kickoff: Mon, December 15th at 8:15 PM EST.
      16:
        title: Week 16
        sort_title: 16_Week 16
        summary: >
          Week 16 covers December 18-22, 2025 with 16 scheduled games across the league.
        episodes:
          1:
            title: Los Angeles Rams vs Seattle Seahawks
            originally_available: 2025-12-18
            summary: >
              Week 16 matchup at Lumen Field (Seattle, WA). Scheduled date: December 18, 2025. Listed kickoff:
              Thu, December 18th at 8:15 PM EST.
          2:
            title: Green Bay Packers vs Chicago Bears
            originally_available: 2025-12-20
            summary: >
              Week 16 matchup at Soldier Field (Chicago, IL). Scheduled date: December 20, 2025. Listed kickoff:
              12/20 - TBD.
          3:
            title: Philadelphia Eagles vs Washington Commanders
            originally_available: 2025-12-20
            summary: >
              Week 16 matchup at Northwest Stadium (Landover, MD). Scheduled date: December 20, 2025. Listed
              kickoff: 12/20 - TBD.
          4:
            title: Buffalo Bills vs Cleveland Browns
            originally_available: 2025-12-21
            summary: >
              Week 16 matchup at Huntington Bank Field (Cleveland, OH). Scheduled date: December 21, 2025. Listed
              kickoff: Sun, December 21st at 1:00 PM EST.
          5:
            title: Los Angeles Chargers vs Dallas Cowboys
            originally_available: 2025-12-21
            summary: >
              Week 16 matchup at AT&T Stadium (Arlington, TX). Scheduled date: December 21, 2025. Listed kickoff:
              Sun, December 21st at 1:00 PM EST.
          6:
            title: Kansas City Chiefs vs Tennessee Titans
            originally_available: 2025-12-21
            summary: >
              Week 16 matchup at Nissan Stadium (Nashville, TN). Scheduled date: December 21, 2025. Listed
              kickoff: Sun, December 21st at 1:00 PM EST.
          7:
            title: New York Jets vs New Orleans Saints
            originally_available: 2025-12-21
            summary: >
              Week 16 matchup at Caesars Superdome (New Orleans, LA). Scheduled date: December 21, 2025. Listed
              kickoff: Sun, December 21st at 1:00 PM EST.
          8:
            title: Minnesota Vikings vs New York Giants
            originally_available: 2025-12-21
            summary: >
              Week 16 matchup at MetLife Stadium (East Rutherford, NJ). Scheduled date: December 21, 2025. Listed
              kickoff: Sun, December 21st at 1:00 PM EST.
          9:
            title: Tampa Bay Buccaneers vs Carolina Panthers
            originally_available: 2025-12-21
            summary: >
              Week 16 matchup at Bank of America Stadium (Charlotte, NC). Scheduled date: December 21, 2025.
              Listed kickoff: Sun, December 21st at 1:00 PM EST.
          10:
            title: New England Patriots vs Baltimore Ravens
            originally_available: 2025-12-21
            summary: >
              Week 16 matchup at M&T Bank Stadium (Baltimore, MD). Scheduled date: December 21, 2025. Listed
              kickoff: Sun, December 21st at 1:00 PM EST.
          11:
            title: Jacksonville Jaguars vs Denver Broncos
            originally_available: 2025-12-21
            summary: >
              Week 16 matchup at Empower Field at Mile High (Denver, CO). Scheduled date: December 21, 2025.
              Listed kickoff: Sun, December 21st at 4:05 PM EST.
          12:
            title: Atlanta Falcons vs Arizona Cardinals
            originally_available: 2025-12-21
            summary: >
              Week 16 matchup at State Farm Stadium (Glendale, AZ). Scheduled date: December 21, 2025. Listed
              kickoff: Sun, December 21st at 4:05 PM EST.
          13:
            title: Pittsburgh Steelers vs Detroit Lions
            originally_available: 2025-12-21
            summary: >
              Week 16 matchup at Ford Field (Detroit, MI). Scheduled date: December 21, 2025. Listed kickoff: Sun,
              December 21st at 4:25 PM EST.
          14:
            title: Las Vegas Raiders vs Houston Texans
            originally_available: 2025-12-21
            summary: >
              Week 16 matchup at NRG Stadium (Houston, TX). Scheduled date: December 21, 2025. Listed kickoff:
              Sun, December 21st at 4:25 PM EST.
          15:
            title: Cincinnati Bengals vs Miami Dolphins
            originally_available: 2025-12-21
            summary: >
              Week 16 matchup at Hard Rock Stadium (Miami Gardens, FL). Scheduled date: December 21, 2025. Listed
              kickoff: Sun, December 21st at 8:20 PM EST.
          16:
            title: San Francisco 49ers vs Indianapolis Colts
            originally_available: 2025-12-22
            summary: >
              Week 16 matchup at Lucas Oil Stadium (Indianapolis, IN). Scheduled date: December 22, 2025. Listed
              kickoff: Mon, December 22nd at 8:15 PM EST.
      17:
        title: Week 17
        sort_title: 17_Week 17
        summary: >
          Week 17 covers December 25-29, 2025 with 16 scheduled games across the league.
        episodes:
          1:
            title: Dallas Cowboys vs Washington Commanders
            originally_available: 2025-12-25
            summary: >
              Week 17 matchup at Northwest Stadium (Landover, MD). Scheduled date: December 25, 2025. Listed
              kickoff: Thu, December 25th at 1:00 PM EST.
          2:
            title: Detroit Lions vs Minnesota Vikings
            originally_available: 2025-12-25
            summary: >
              Week 17 matchup at U.S. Bank Stadium (Minneapolis, MN). Scheduled date: December 25, 2025. Listed
              kickoff: Thu, December 25th at 4:30 PM EST.
          3:
            title: Denver Broncos vs Kansas City Chiefs
            originally_available: 2025-12-25
            summary: >
              Week 17 matchup at GEHA Field at Arrowhead Stadium (Kansas City, MO). Scheduled date: December 25,
              2025. Listed kickoff: Thu, December 25th at 8:15 PM EST.
          4:
            title: Arizona Cardinals vs Cincinnati Bengals
            originally_available: 2025-12-27
            summary: >
              Week 17 matchup at Paycor Stadium (Cincinnati, OH). Scheduled date: December 27, 2025. Listed
              kickoff: 12/27 - TBD.
          5:
            title: Baltimore Ravens vs Green Bay Packers
            originally_available: 2025-12-27
            summary: >
              Week 17 matchup at Lambeau Field (Green Bay, WI). Scheduled date: December 27, 2025. Listed kickoff:
              12/27 - TBD.
          6:
            title: New York Giants vs Las Vegas Raiders
            originally_available: 2025-12-27
            summary: >
              Week 17 matchup at Allegiant Stadium (Las Vegas, NV). Scheduled date: December 27, 2025. Listed
              kickoff: 12/27 - TBD.
          7:
            title: Houston Texans vs Los Angeles Chargers
            originally_available: 2025-12-27
            summary: >
              Week 17 matchup at SoFi Stadium (Inglewood, CA). Scheduled date: December 27, 2025. Listed kickoff:
              12/27 - TBD.
          8:
            title: Seattle Seahawks vs Carolina Panthers
            originally_available: 2025-12-27
            summary: >
              Week 17 matchup at Bank of America Stadium (Charlotte, NC). Scheduled date: December 27, 2025.
              Listed kickoff: 12/27 - TBD.
          9:
            title: Pittsburgh Steelers vs Cleveland Browns
            originally_available: 2025-12-28
            summary: >
              Week 17 matchup at Huntington Bank Field (Cleveland, OH). Scheduled date: December 28, 2025. Listed
              kickoff: Sun, December 28th at 1:00 PM EST.
          10:
            title: New Orleans Saints vs Tennessee Titans
            originally_available: 2025-12-28
            summary: >
              Week 17 matchup at Nissan Stadium (Nashville, TN). Scheduled date: December 28, 2025. Listed
              kickoff: Sun, December 28th at 1:00 PM EST.
          11:
            title: Jacksonville Jaguars vs Indianapolis Colts
            originally_available: 2025-12-28
            summary: >
              Week 17 matchup at Lucas Oil Stadium (Indianapolis, IN). Scheduled date: December 28, 2025. Listed
              kickoff: Sun, December 28th at 1:00 PM EST.
          12:
            title: Tampa Bay Buccaneers vs Miami Dolphins
            originally_available: 2025-12-28
            summary: >
              Week 17 matchup at Hard Rock Stadium (Miami Gardens, FL). Scheduled date: December 28, 2025. Listed
              kickoff: Sun, December 28th at 1:00 PM EST.
          13:
            title: New England Patriots vs New York Jets
            originally_available: 2025-12-28
            summary: >
              Week 17 matchup at MetLife Stadium (East Rutherford, NJ). Scheduled date: December 28, 2025. Listed
              kickoff: Sun, December 28th at 1:00 PM EST.
          14:
            title: Philadelphia Eagles vs Buffalo Bills
            originally_available: 2025-12-28
            summary: >
              Week 17 matchup at Highmark Stadium (Orchard Park, NY). Scheduled date: December 28, 2025. Listed
              kickoff: Sun, December 28th at 4:25 PM EST.
          15:
            title: Chicago Bears vs San Francisco 49ers
            originally_available: 2025-12-28
            summary: >
              Week 17 matchup at Levi's Stadium (Santa Clara, CA). Scheduled date: December 28, 2025. Listed
              kickoff: Sun, December 28th at 8:20 PM EST.
          16:
            title: Los Angeles Rams vs Atlanta Falcons
            originally_available: 2025-12-29
            summary: >
              Week 17 matchup at Mercedes-Benz Stadium (Atlanta, GA). Scheduled date: December 29, 2025. Listed
              kickoff: Mon, December 29th at 8:15 PM EST.
      18:
        title: Week 18
        sort_title: 18_Week 18
        summary: >
          Week 18 covers January 4, 2026 with 16 scheduled games across the league.
        episodes:
          1:
            title: New Orleans Saints vs Atlanta Falcons
            originally_available: 2026-01-04
            summary: >
              Week 18 matchup at Mercedes-Benz Stadium (Atlanta, GA). Scheduled date: January 4, 2026. Listed
              kickoff: 1/4 - TBD.
          2:
            title: New York Jets vs Buffalo Bills
            originally_available: 2026-01-04
            summary: >
              Week 18 matchup at Highmark Stadium (Orchard Park, NY). Scheduled date: January 4, 2026. Listed
              kickoff: 1/4 - TBD.
          3:
            title: Detroit Lions vs Chicago Bears
            originally_available: 2026-01-04
            summary: >
              Week 18 matchup at Soldier Field (Chicago, IL). Scheduled date: January 4, 2026. Listed kickoff: 1/4
              - TBD.
          4:
            title: Cleveland Browns vs Cincinnati Bengals
            originally_available: 2026-01-04
            summary: >
              Week 18 matchup at Paycor Stadium (Cincinnati, OH). Scheduled date: January 4, 2026. Listed kickoff:
              1/4 - TBD.
          5:
            title: Los Angeles Chargers vs Denver Broncos
            originally_available: 2026-01-04
            summary: >
              Week 18 matchup at Empower Field at Mile High (Denver, CO). Scheduled date: January 4, 2026. Listed
              kickoff: 1/4 - TBD.
          6:
            title: Kansas City Chiefs vs Las Vegas Raiders
            originally_available: 2026-01-04
            summary: >
              Week 18 matchup at Allegiant Stadium (Las Vegas, NV). Scheduled date: January 4, 2026. Listed
              kickoff: 1/4 - TBD.
          7:
            title: Arizona Cardinals vs Los Angeles Rams
            originally_available: 2026-01-04
            summary: >
              Week 18 matchup at SoFi Stadium (Inglewood, CA). Scheduled date: January 4, 2026. Listed kickoff:
              1/4 - TBD.
          8:
            title: Green Bay Packers vs Minnesota Vikings
            originally_available: 2026-01-04
            summary: >
              Week 18 matchup at U.S. Bank Stadium (Minneapolis, MN). Scheduled date: January 4, 2026. Listed
              kickoff: 1/4 - TBD.
          9:
            title: Miami Dolphins vs New England Patriots
            originally_available: 2026-01-04
            summary: >
              Week 18 matchup at Gillette Stadium (Foxborough, MA). Scheduled date: January 4, 2026. Listed
              kickoff: 1/4 - TBD.
          10:
            title: Dallas Cowboys vs New York Giants
            originally_available: 2026-01-04
            summary: >
              Week 18 matchup at MetLife Stadium (East Rutherford, NJ). Scheduled date: January 4, 2026. Listed
              kickoff: 1/4 - TBD.
          11:
            title: Washington Commanders vs Philadelphia Eagles
            originally_available: 2026-01-04
            summary: >
              Week 18 matchup at Lincoln Financial Field (Philadelphia, PA). Scheduled date: January 4, 2026.
              Listed kickoff: 1/4 - TBD.
          12:
            title: Baltimore Ravens vs Pittsburgh Steelers
            originally_available: 2026-01-04
            summary: >
              Week 18 matchup at Acrisure Stadium (Pittsburgh, PA). Scheduled date: January 4, 2026. Listed
              kickoff: 1/4 - TBD.
          13:
            title: Seattle Seahawks vs San Francisco 49ers
            originally_available: 2026-01-04
            summary: >
              Week 18 matchup at Levi's Stadium (Santa Clara, CA). Scheduled date: January 4, 2026. Listed
              kickoff: 1/4 - TBD.
          14:
            title: Carolina Panthers vs Tampa Bay Buccaneers
            originally_available: 2026-01-04
            summary: >
              Week 18 matchup at Raymond James Stadium (Tampa, FL). Scheduled date: January 4, 2026. Listed
              kickoff: 1/4 - TBD.
          15:
            title: Tennessee Titans vs Jacksonville Jaguars
            originally_available: 2026-01-04
            summary: >
              Week 18 matchup at EverBank Stadium (Jacksonville, FL). Scheduled date: January 4, 2026. Listed
              kickoff: 1/4 - TBD.
          16:
            title: Indianapolis Colts vs Houston Texans
            originally_available: 2026-01-04
            summary: >
              Week 18 matchup at NRG Stadium (Houston, TX). Scheduled date: January 4, 2026. Listed kickoff: 1/4 -
              TBD.
